[
  {
    "name": "Rescue Team DX",
    "dexids": [],
    "pokedex": [],
    "generations": [
      { "name": "1", "ids": "all" },
      { "name": "2", "ids": "all" },
      { "name": "3", "ids": "all" },
      {
        "name": "4",
        "ids": [
          406, 407, 424, 430, 433, 438, 439, 440, 446, 447, 448, 458, 461, 462,
          463, 464, 465, 466, 467, 468, 469, 470, 471, 472, 473, 474, 475, 476,
          477, 478, 700
        ]
      },
      { "name": "5", "ids": "none" },
      { "name": "6", "ids": "none" },
      { "name": "7", "ids": "none" },
      { "name": "8", "ids": "none" }
    ]
  }
]
